task_id,server_id,cpu_need,memory_need,runtime,success,cpu_usage,memory_usage,avg_runtime,failure_rate,requests_fulfilled,status
2,5,28.680786509943182,24.576717965979224,1.7888945963878513,True,28.680786509943182,24.576717965979224,1.7888945963878513,0.0,1,Active
4,2,39.752480973847135,37.61067123138678,0.5599308286847742,False,64.84481358259379,74.05634867946779,1.972233989943414,50.0,2,Active
3,2,25.092332608746652,36.445677448081014,3.384537151202054,True,25.092332608746652,36.445677448081014,3.384537151202054,0.0,1,Active
1,4,19.244944290445464,31.85604380007507,4.870316836958449,True,19.244944290445464,31.85604380007507,4.870316836958449,0.0,1,Active
5,4,22.446038467976706,41.9333136870295,2.4723397438061916,False,41.690982758422166,73.78935748710457,3.6713282903823203,50.0,2,Active
6,3,28.56681373321372,35.02848610677777,2.7528446891227993,True,28.56681373321372,35.02848610677777,2.7528446891227993,0.0,1,Active
7,1,18.758640591184403,33.77523395632747,2.4848033856507845,True,18.758640591184403,33.77523395632747,2.4848033856507845,0.0,1,Active
8,3,14.408466727068737,19.022794515728453,1.8724358402309327,True,42.975280460282455,54.051280622506226,2.3126402646768662,0.0,2,Active
9,1,5.235621899132614,35.46486354529294,3.860289171567341,False,23.994262490317016,69.24009750162041,3.1725462786090626,50.0,2,Active
10,5,38.03014017799779,35.99214177433169,4.803263823528752,True,56.71092668794097,50.56885974031091,3.2960792099583016,0.0,2,Active
11,4,10.7980073545932,9.260589595047353,1.8150411618997753,True,32.48899011301536,63.04994708215192,3.052565914221472,50.0,3,Active
12,1,24.793005050639962,15.65410137738726,4.116237204776135,True,38.787267540956975,74.89419887900767,3.4871099206647536,50.0,3,Active
13,1,30.954401481504252,8.897047041622976,0.5957539224875146,False,69.74166902246122,83.79124592063064,2.7642709211204437,50.0,4,Active
14,1,27.099608321014447,51.22563359416598,2.9174088982331394,False,86.84127734347567,100.0,2.794898516542983,60.0,5,shutdown
15,5,26.807977774085607,10.535147855616524,4.703716334657967,False,73.51890446202657,51.104007595927435,3.76529158485819,33.33333333333333,3,Active
16,1,29.563920341973215,14.336974391835772,4.005699411150458,False,100.0,100.0,2.9966986656442285,66.66666666666666,6,shutdown
17,1,32.11540776302136,32.3984931998777,2.941829306683501,False,100.0,100.0,2.988860185792696,71.42857142857143,7,shutdown
18,2,13.18861053752376,27.23829709471324,1.1222626019475468,False,58.033424120117544,81.29464577418102,1.6889101939447917,66.66666666666666,3,Active
19,1,36.55559896365214,46.011732287163426,4.534632912479383,False,100.0,100.0,3.1820817766285323,75.0,8,shutdown
20,3,26.142994877945828,11.837631547945666,1.3277677090537137,True,49.11827533822829,45.88891217045189,1.984349412802482,0.0,3,Active
21,1,34.74900827337781,51.208032005108606,2.800001247858959,False,100.0,100.0,3.139628384543024,77.77777777777779,9,shutdown
22,3,37.90272013286979,12.442754065616953,3.154768604642923,False,87.02099547109808,58.33166623606884,2.276954210762592,25.0,4,Active
23,5,31.72324776323725,32.69572638382594,1.5850042002141667,False,95.24215222526382,73.79973397975337,3.220219738697184,50.0,4,shutdown
24,4,8.508145047404357,27.630613648690296,2.755995436423699,False,30.997135160419717,80.68056073084222,2.978423294772029,50.0,4,Active
25,4,22.770477587160805,21.97488313881542,4.033833866799945,False,53.76761274758052,100.0,3.1895054091776123,60.0,5,shutdown
26,2,13.402232959124337,15.513503941367663,4.15472685690177,False,61.43565707924188,86.80814971554868,2.3053643596840363,75.0,4,Active
27,3,22.910025979773984,14.788526831187133,1.26145106933686,False,89.93102145087207,53.120193067255975,2.073853582477446,40.0,5,Active
28,4,38.42392248731838,25.516725329339796,2.0799654590618557,False,92.19153523489891,100.0,3.004582084158319,66.66666666666666,6,shutdown
29,2,22.935248380834032,20.76895816223108,3.0897882629239755,False,84.3709054600759,100.0,2.462249140332024,80.0,5,shutdown
30,5,7.629230697790714,41.509728082146644,3.905235787435742,False,92.87138292305454,100.0,3.357222948444895,60.0,5,shutdown
32,3,19.500808291878364,29.544612245549352,2.5583648625841047,False,100.0,94.74307303753645,2.1942154459976866,57.14285714285714,7,shutdown
31,3,39.02895321856546,22.078267724731106,2.4318753470124728,False,100.0,65.19846079198709,2.133523876566617,50.0,6,shutdown
33,4,14.100857174885874,6.205426819905314,4.608568119286043,True,76.29239240978478,76.20542681990531,3.2337229463194226,66.66666666666666,7,shutdown
34,2,5.453648267574409,24.872179752266465,2.280010870800738,False,69.82455372765031,100.0,2.431876095410143,83.33333333333334,6,shutdown
36,3,19.522763032117012,28.7995922782353,1.7773172538938227,False,100.0,100.0,2.1421031719847035,62.5,8,shutdown
35,4,13.779681716395077,14.22882887376621,0.9426982817128824,False,90.07207412617986,90.43425569367152,2.9473448632436052,62.5,8,shutdown
38,4,35.73235524833878,17.416145890488107,2.6192840195774743,False,100.0,97.85040158415963,2.910893658391813,66.66666666666666,9,shutdown
37,2,17.796465777908956,51.88132612731442,3.056973037632968,False,87.62101950555927,100.0,2.521175658584832,85.71428571428571,7,shutdown
40,5,36.64405202300776,9.291686148567674,2.2796419917302924,False,100.0,100.0,3.09307111707145,71.42857142857143,7,shutdown
39,5,7.448083600111006,48.934382525833655,2.585741085545384,False,90.31946652316554,100.0,3.2286426379616433,66.66666666666666,6,shutdown
41,4,6.009504285488726,28.2503604886761,3.8536977254781384,False,96.00950428548873,100.0,3.0051740651004453,70.0,10,shutdown
42,1,36.33366481059488,8.116824349206432,4.217315575216661,False,100.0,78.11682434920644,3.2473971036103877,80.0,10,shutdown
43,5,30.94384118364319,14.134182784664945,0.7807921009524255,False,100.0,100.0,2.804036240056572,75.0,8,shutdown
44,1,17.971095260259375,23.583129807166,2.183424697630437,False,100.0,100.0,3.150672339430392,81.81818181818183,11,shutdown
45,4,30.252340997520005,23.739682561797544,2.141618189786742,False,100.0,100.0,2.9266689855264727,72.72727272727273,11,shutdown
46,1,27.925559175110035,46.68125523001299,1.9109138067210454,False,100.0,100.0,3.04735912837128,83.33333333333334,12,shutdown
47,2,19.756806236999843,31.68122495213656,4.459504246604254,False,87.37782574255911,100.0,2.76346673208726,87.5,8,shutdown
48,1,32.05815929648654,41.42041049119087,3.6135555722345005,False,100.0,100.0,3.0909127009761432,84.61538461538461,13,shutdown
50,5,17.574974805688758,16.370784291188386,4.953174608169578,False,100.0,100.0,3.0491543781313974,80.0,10,shutdown
49,5,18.284392101365196,19.00990114972983,3.10607925269182,False,88.2843921013652,89.00990114972983,2.837596574793822,77.77777777777779,9,shutdown
51,2,5.028226657960212,25.88752448238568,2.6326424022129578,False,92.40605240051933,100.0,2.74893069543456,88.88888888888889,9,shutdown
52,5,34.97199370730467,38.087537926340005,2.209089950380589,False,100.0,100.0,2.972784884699506,81.81818181818183,11,shutdown
53,5,16.18338329259839,29.525291464719768,4.536039166504981,False,100.0,100.0,3.103056074849962,83.33333333333334,12,shutdown
54,1,12.269775105573157,13.189296899927466,0.9993290849990353,True,82.26977510557316,83.18929689992747,2.9415138712634925,84.61538461538461,14,shutdown
55,1,39.934800079739745,28.65792754910194,3.9130794397167197,False,100.0,100.0,3.006284909160374,80.0,15,shutdown
56,5,18.496578268441503,42.46174289603707,2.9876068106042863,False,98.49657826844151,100.0,3.094175362215679,84.61538461538461,13,shutdown
57,4,31.713682257637927,32.080961251556445,3.208713463460465,False,100.0,100.0,2.950172692020972,75.0,12,shutdown
58,5,23.82379079205377,22.254053741146198,2.2157614206074574,False,100.0,100.0,3.0314315092436632,85.71428571428571,14,shutdown
59,5,14.889791775537931,13.463139865456021,0.6555063037334637,False,100.0,100.0,2.873036495542983,86.66666666666667,15,shutdown
60,4,21.441296165486023,11.105934119082123,0.502695513827754,False,100.0,100.0,2.7619052167753395,76.92307692307693,13,shutdown
61,2,31.253402091886436,47.55781427845794,0.575773106021982,False,100.0,100.0,2.531614936493302,90.0,10,shutdown
62,1,29.991434973808673,30.471588284157725,4.493509047216052,False,100.0,100.0,3.099236417788854,81.25,16,shutdown
63,1,37.0841578313922,47.96527415662066,1.8359426148630646,False,100.0,100.0,3.0249250176167486,82.35294117647058,17,shutdown
64,3,26.981493700309333,30.535093110257478,3.311288292621634,False,100.0,100.0,2.272012629833251,66.66666666666666,9,shutdown
65,1,36.59815900448641,26.004661791737746,1.365370253967835,False,100.0,100.0,2.9327275307473646,83.33333333333334,18,shutdown
66,1,6.421006887910201,40.30523312212338,3.020629732298187,False,100.0,100.0,2.937353962407934,84.21052631578947,19,shutdown
67,1,25.250078437763516,20.004989901242993,3.7104338792681206,False,100.0,100.0,2.9760079582509436,85.0,20,shutdown
68,1,19.176568865868944,42.946259262606624,2.6768492966949333,False,100.0,100.0,2.9617623077006576,85.71428571428571,21,shutdown
69,1,39.997579097933624,41.562527255672606,0.7105440690811129,False,100.0,100.0,2.8594342059452234,86.36363636363636,22,shutdown
70,2,37.74623046187209,51.86374197909548,2.293240189303717,False,100.0,100.0,2.5099445049306124,90.9090909090909,11,shutdown
71,1,10.975732539087703,37.85696904958372,1.2090170559222355,False,90.9757325390877,100.0,2.7876769385529196,86.95652173913044,23,shutdown
72,2,26.764252483505953,33.45549244923746,2.6843737236876763,False,100.0,100.0,2.5244802731603677,91.66666666666666,12,shutdown
73,5,28.903939510422454,35.093173850045275,4.032309553700492,False,98.90393951042245,100.0,2.9454910616778274,87.5,16,shutdown
74,1,30.427228580505883,30.829294169222138,3.268659747229457,False,91.40296111959358,100.0,2.8077178889144423,87.5,24,shutdown
75,1,29.831245373232694,38.13763375711916,1.421445524644833,False,100.0,100.0,2.752266994343658,88.0,25,shutdown
76,2,25.39589521713336,18.929435819677494,4.922566884280648,False,100.0,100.0,2.708948474015774,92.3076923076923,13,shutdown
77,4,34.56008623196924,5.432461327753064,4.290027935300251,False,100.0,85.43246132775306,2.8710568395271188,78.57142857142857,14,shutdown
78,5,33.158078449264266,16.53455435180883,3.7221422597617932,False,100.0,100.0,2.991176426271002,88.23529411764706,17,shutdown
79,5,11.992946238540124,44.107690493295024,2.1932495758829695,False,100.0,100.0,2.946847156805,88.88888888888889,18,shutdown
80,2,5.7420455302781495,15.94120340022866,2.7266981989196077,False,95.74204553027815,100.0,2.710216311508905,92.85714285714286,14,shutdown
81,5,31.353948660466376,21.40889195316062,3.5738457364148153,False,100.0,100.0,2.979847082047622,89.47368421052632,19,shutdown
82,1,19.227911762031617,8.104405870181747,3.5005789788734245,False,89.22791176203162,78.10440587018175,2.7810482245178796,88.46153846153845,26,shutdown
83,5,12.190488744035335,54.31099978346554,1.0829119161826923,False,100.0,100.0,2.8850003237543755,90.0,20,shutdown
84,1,5.345887727251112,12.036092587042702,3.796154563983697,False,94.57379948928273,90.14049845722445,2.818644755609206,88.88888888888889,27,shutdown
85,1,36.507531499374466,18.84657507369218,4.455306897538855,False,100.0,100.0,2.8770969749638367,89.28571428571429,28,shutdown
86,4,11.013628418394338,28.159800289122728,4.050125538777896,False,100.0,100.0,2.949661419477171,80.0,15,shutdown
87,2,16.077928326528863,30.184053072360545,2.691231648493501,False,91.81997385680701,100.0,2.7089506673078776,93.33333333333333,15,shutdown
88,1,38.336836742658306,23.378240032079745,1.5347512499469507,False,100.0,100.0,2.8308091913425644,89.65517241379311,29,shutdown
89,5,26.77205761053813,12.656658945588902,4.597474072187025,False,96.77205761053813,82.6566589455889,2.966546692727359,90.47619047619048,21,shutdown
90,5,29.798318008472407,7.443512802459247,4.289472430224064,False,100.0,90.10017174804815,3.026679680795391,90.9090909090909,22,shutdown
91,4,12.22712766659723,39.92693872928932,3.0050945527592345,False,100.0,100.0,2.9531259903072997,81.25,16,shutdown
92,1,35.69620843788802,33.14179192377547,1.7223768702651148,False,100.0,100.0,2.793861447306649,90.0,30,shutdown
93,2,21.607220224390403,40.929805047191934,2.3205211437548776,False,100.0,100.0,2.6846738220858155,93.75,16,shutdown
94,1,22.35101984585052,13.77438959081997,1.3339064300316115,False,100.0,100.0,2.746766124168745,90.32258064516128,31,shutdown
95,2,11.48522885120262,28.75644218305827,0.8337876071089256,False,100.0,100.0,2.5757981623812927,94.11764705882352,17,shutdown
96,2,35.20015067770055,11.335141665791149,2.6500361123891714,False,100.0,100.0,2.579922492937286,94.44444444444444,18,shutdown
97,5,25.10646848283874,32.27079659277722,2.907269577880995,False,100.0,100.0,3.0214879371904173,91.30434782608695,23,shutdown
98,2,5.892261352167253,33.68200561065158,3.602249699002337,False,95.89226135216725,100.0,2.633729187993341,94.73684210526315,19,shutdown
99,5,27.7604152834033,23.442230044939535,1.314029817062719,False,100.0,100.0,2.950343848851763,91.66666666666666,24,shutdown
100,2,26.907913549539465,35.87011178123353,4.589277645804931,False,100.0,100.0,2.7315066108839208,95.0,20,shutdown
2,2,8.339475175850527,51.15025022604716,3.775751145011555,False,8.339475175850527,51.15025022604716,3.775751145011555,100.0,1,Active
1,1,24.023930648957677,44.36927834182124,4.903306571444647,True,24.023930648957677,44.36927834182124,4.903306571444647,0.0,1,Active
3,2,7.828697537268916,43.821967530584104,2.4655496709701397,False,16.168172713119443,94.97221775663127,3.1206504079908473,100.0,2,shutdown
5,1,8.892530256239784,10.059096308665477,4.990451852450725,True,45.676251837900864,73.00740096183466,4.76115502903193,0.0,3,Active
4,1,12.759790932703403,18.57902631134794,4.38970666320042,True,36.783721581661084,62.94830465316918,4.646506617322533,0.0,2,Active
6,3,16.402729097401142,41.75865899677173,1.653040880064585,True,16.402729097401142,41.75865899677173,1.653040880064585,0.0,1,Active
7,1,37.74878136412747,54.69853999098676,4.9132690598855735,False,73.42503320202833,100.0,4.799183536745341,25.0,4,shutdown
8,4,16.827213720708183,23.937806325711243,3.353814208639902,True,16.827213720708183,23.937806325711243,3.353814208639902,0.0,1,Active
9,1,23.476999717975495,10.472463333327958,0.9996859490399078,False,86.90203292000382,100.0,4.0392840192042545,40.0,5,shutdown
10,1,12.69479627252645,36.819517847952625,3.020712010149353,False,89.59682919253027,100.0,3.869522017695104,50.0,6,shutdown
12,4,17.18579519955695,45.44475383707173,4.02866861628622,False,34.013008920265136,69.38256016278297,3.691241412463061,50.0,2,Active
11,3,5.256887797326023,26.52414004417152,3.5907819839277595,True,11.659616894727165,58.282799040943246,2.621911431996172,0.0,2,Active
13,5,19.891406609838405,28.235140364502733,2.6892523727477258,True,19.891406609838405,28.235140364502733,2.6892523727477258,0.0,1,Active
14,4,5.563616462191103,13.742750034048619,1.283465002338604,True,29.57662538245624,73.12531019683158,2.8886492757549083,50.0,3,Active
15,4,14.698067141847105,28.250878546407655,3.455977170380317,False,44.27469252430335,100.0,3.0304812494112605,50.0,4,shutdown
16,3,15.754978463588872,39.316614521201025,2.4237366459210334,False,27.414595358316035,97.59941356214426,2.555853169971126,33.33333333333333,3,shutdown
17,4,15.342758852804199,13.98435139795573,4.335485711905408,False,49.61745137710754,100.0,3.29148214191009,60.0,5,shutdown
18,2,25.136001448881014,42.26313606212004,3.4144795805908505,False,25.136001448881014,100.0,3.2185934655241817,100.0,3,shutdown
19,5,39.16796837861161,49.70309120974025,2.544409832663937,False,49.05937498845002,67.93823157424299,2.6168311027058313,50.0,2,Active
20,1,5.83444258409194,19.220973660145198,4.896957450451771,False,65.43127177662221,89.2209736601452,4.016298508088914,57.14285714285714,7,shutdown
21,4,39.9324986560845,21.735806018995593,3.5663282889804826,False,69.54995003319203,100.0,3.337289833088489,66.66666666666666,6,shutdown
22,1,36.09278091781526,47.247276345886476,2.1254218436910346,False,100.0,100.0,3.779938925039179,62.5,8,shutdown
23,2,36.58549999629475,10.921843793159919,4.718467143587064,False,51.72150144517576,100.0,3.5935618850399025,100.0,4,shutdown
24,1,36.20806360078326,28.104144237891212,4.809856345909715,False,100.0,100.0,3.894374194024794,66.66666666666666,9,shutdown
25,3,6.744844584832822,24.92324323894861,1.4037609425073516,False,14.159439943148858,100.0,2.2678301131051826,50.0,4,shutdown
26,1,24.428353422945086,40.45789181461132,3.6895866112766544,False,100.0,100.0,3.87389543574998,70.0,10,shutdown
27,4,24.045696910055316,30.10087081074354,2.6590029131098927,False,73.59564694324735,100.0,3.240391701662975,71.42857142857143,7,shutdown
29,5,30.94083331914342,31.1365320661977,3.649158869998736,False,70.00020830759344,89.0747636404407,2.9609403584701326,66.66666666666666,3,Active
28,1,15.932066346289066,27.749444457103056,3.166450492607818,False,100.0,100.0,3.8095822591006923,72.72727272727273,11,shutdown
30,5,23.99159951486906,38.50352029427893,2.339427697489498,False,93.9918078224625,100.0,2.805562193224974,75.0,4,shutdown
32,2,22.666374190211,30.6707764989842,1.3165110509153186,False,64.38787563538676,100.0,3.138151718214986,100.0,5,shutdown
31,1,16.268972126674573,20.858179245550286,2.7495729606030923,False,86.26897212667457,90.85817924555029,3.7212481508925586,75.0,12,shutdown
33,3,37.70471657820832,48.87458122232786,0.7118181045898959,False,41.864156521357174,100.0,1.9566277114021253,60.0,5,shutdown
36,1,27.76531413025578,36.10045512190713,1.9124047853954393,False,100.0,100.0,3.582106353546626,76.92307692307693,13,shutdown
35,5,24.045580169909567,45.19461744884238,0.7265828696649657,False,98.03738799237208,100.0,2.389766328512972,80.0,5,shutdown
34,4,38.94376213063797,50.51816533487391,2.209477854648788,False,100.0,100.0,3.1115274707862017,75.0,8,shutdown
37,2,22.982863395375517,49.54505563010061,4.177093978683903,False,77.37073903076228,100.0,3.311308761626472,100.0,6,shutdown
38,3,6.402033278872105,45.98375994953382,1.4816107400073801,False,38.26618980022928,100.0,1.8774582161696678,66.66666666666666,6,shutdown
39,4,33.63305023259359,48.006513809925956,4.618491136589985,False,100.0,100.0,3.278967878097733,77.77777777777779,9,shutdown
40,5,31.86076564070406,29.478081111633003,4.828864344002031,False,100.0,100.0,2.7962826644278156,83.33333333333334,6,shutdown
41,1,11.727610549980938,10.264099043208631,3.707055247550494,False,91.72761054998094,90.26409904320863,3.5910312745469026,78.57142857142857,14,shutdown
42,2,34.87158298784739,34.50394087283985,2.6005227118041057,False,100.0,100.0,3.209767897366134,100.0,7,shutdown
44,4,9.844439202132968,45.46053485979123,4.129647046995526,False,89.84443920213297,100.0,3.3640357949875126,80.0,10,shutdown
43,3,27.34954339979995,33.254787893331034,3.1620797812867645,False,55.615733200029226,100.0,2.0609755826149674,71.42857142857143,7,shutdown
45,5,9.184710318243472,11.622487784777242,2.8985003199304233,False,99.18471031824348,100.0,2.8108851866424738,85.71428571428571,7,shutdown
46,1,28.822821228830126,25.669160884016964,3.0775364171908386,False,100.0,100.0,3.556798284056498,80.0,15,shutdown
47,2,37.52250154118733,32.43489414605153,3.8482983834600275,False,100.0,100.0,3.2895842081278706,100.0,8,shutdown
48,3,39.27275397621876,38.69593452193766,1.990646259789424,False,94.88848717624799,100.0,2.0521844172617745,75.0,8,shutdown
49,4,37.846727513001355,6.362146916257506,2.681102821006334,False,100.0,96.3621469162575,3.3019509791710417,81.81818181818183,11,shutdown
50,5,31.832490906411447,26.609897060870875,2.6016758853152058,False,100.0,100.0,2.7847340239765654,87.5,8,shutdown
51,1,21.704941435130852,8.959915328168485,0.9955353033796853,False,100.0,98.95991532816848,3.396719347764197,81.25,16,shutdown
52,2,20.49645882461561,23.652155672191316,4.975865795937889,False,100.0,100.0,3.4769488289956505,100.0,9,shutdown
53,3,37.33512731040842,40.7917574069312,1.208949662880193,False,100.0,100.0,1.9584916667749321,77.77777777777779,9,shutdown
54,4,15.892434521035266,16.099976277618566,1.8785216741062702,False,100.0,100.0,3.183331870415644,83.33333333333334,12,shutdown
55,5,35.98178518433353,9.606799256244226,2.8987618759805973,False,100.0,99.60679925624423,2.7974037853103466,88.88888888888889,9,shutdown
56,1,28.77469581743652,23.805559741553086,1.463382905449245,False,100.0,100.0,3.2829936746868467,82.35294117647058,17,shutdown
57,2,18.755340840029852,49.77546859742756,3.127500849431683,False,100.0,100.0,3.4420040310392537,100.0,10,shutdown
58,3,27.067506358251993,32.50040315841384,4.874132176083828,False,100.0,100.0,2.250055717705822,80.0,10,shutdown
59,4,15.178905004616839,12.51919577445842,2.7357670184566887,False,100.0,100.0,3.14890380488034,84.61538461538461,13,shutdown
60,5,10.110058228775792,33.513373779503524,0.7682332827202298,False,100.0,100.0,2.5944867350513348,90.0,10,shutdown
61,1,14.66378781766674,19.296962524449786,2.2056979473732046,False,100.0,100.0,3.223143912058311,83.33333333333334,18,shutdown
62,2,11.363312703453012,15.748838936740302,0.5088422877186809,False,100.0,100.0,3.175352963464656,100.0,11,shutdown
63,3,24.376006145958872,50.13889816914251,4.875102352900293,False,100.0,100.0,2.4886963209053192,81.81818181818183,11,shutdown
64,4,30.902323722000475,20.232664055829844,1.9427260756918892,False,100.0,100.0,3.0627482527954504,85.71428571428571,14,shutdown
65,5,26.746415947169382,47.47337846946856,1.9477089499128475,False,100.0,100.0,2.5356887545841995,90.9090909090909,11,shutdown
66,1,5.334545966453242,32.04356572720823,3.985178184455297,False,95.33454596645325,100.0,3.263250979026574,84.21052631578947,19,shutdown
67,2,7.594612856811607,10.450209441393417,0.893798763157541,False,97.59461285681161,100.0,2.9852234467723964,100.0,12,shutdown
68,3,19.751342352294788,25.229907716735074,1.8156426439042326,False,100.0,100.0,2.432608514488562,83.33333333333334,12,shutdown
69,4,5.371568206021202,26.28818174417531,0.8231506819421794,False,95.37156820602121,100.0,2.913441748071899,86.66666666666667,15,shutdown
71,1,25.101283507286073,12.772687509727977,3.412731884029111,False,100.0,100.0,3.2707250242767003,85.0,20,shutdown
70,5,32.82111337771315,53.636694020553016,3.016471943656588,False,100.0,100.0,2.575754020340232,91.66666666666666,12,shutdown
72,2,21.73196290684791,24.64138400341433,0.6896298605022464,False,100.0,100.0,2.8086393247516153,100.0,13,shutdown
73,3,27.72317288262076,49.936063339368836,2.213230526043006,False,100.0,100.0,2.4157332846081347,84.61538461538461,13,shutdown
75,5,20.08728420450185,16.649682461329004,3.6905203587843807,False,100.0,100.0,2.661505277143628,92.3076923076923,13,shutdown
74,4,32.99689964339301,18.510345090718644,3.9494690652178166,False,100.0,100.0,2.978193455393519,87.5,16,shutdown
76,1,11.44318699282149,33.92661144540869,2.1471532191605327,False,100.0,100.0,3.217221604985454,85.71428571428571,21,shutdown
77,2,20.98235956780932,25.37401904956862,4.627984737563182,False,100.0,100.0,2.93859256852387,100.0,14,shutdown
78,3,11.537489913025194,32.373481738156514,4.481989577199151,False,100.0,100.0,2.563323019793207,85.71428571428571,14,shutdown
79,4,16.399709170750395,45.04591066375182,3.758140863490324,False,100.0,100.0,3.024072714693331,88.23529411764706,17,shutdown
80,5,32.11497712570379,19.965217057134247,1.0629624539521996,False,100.0,99.96521705713425,2.547323646915669,92.85714285714286,14,shutdown
81,1,27.146539934457238,51.298195532943396,4.7474815675140265,False,100.0,100.0,3.28677887600948,86.36363636363636,22,shutdown
82,2,17.581468667200156,43.58683634509322,3.7988527244767285,False,100.0,100.0,2.995943245587394,100.0,15,shutdown
83,3,21.77969409010509,48.25611105299511,4.13986691635632,False,100.0,100.0,2.668425946230748,86.66666666666667,15,shutdown
84,4,18.40433143202803,5.858621277874433,4.004859113349205,False,98.40433143202803,85.85862127787443,3.078560847951991,88.88888888888889,18,shutdown
85,5,21.997043319552986,34.37101629863487,1.5225812459864305,False,100.0,100.0,2.4790074868537197,93.33333333333333,15,shutdown
86,1,17.29782851248396,42.88257515746542,1.6061773850791443,False,100.0,100.0,3.213709245969031,86.95652173913044,23,shutdown
87,2,16.695463532971143,34.24515376880419,0.6198921274625552,False,100.0,100.0,2.847440050704592,100.0,16,shutdown
88,3,22.358022413119354,53.46808135475247,0.7929889012750344,False,100.0,100.0,2.5512111309210157,87.5,16,shutdown
89,4,30.777702964759644,26.992832361987098,2.8935411431979365,False,100.0,100.0,3.068822968754409,89.47368421052632,19,shutdown
90,5,37.24636884959801,53.54340217008672,1.1628291351831053,False,100.0,100.0,2.3967463398743063,93.75,16,shutdown
91,1,26.910156554400654,27.699833798353048,4.285626465967913,False,100.0,100.0,3.258372463468984,87.5,24,shutdown
92,2,22.949148869557188,20.862866060269948,4.844161636964776,False,100.0,100.0,2.9648942616610734,100.0,17,shutdown
93,3,11.695717069589325,52.253723058842155,4.078966896184452,False,100.0,100.0,2.641079117112983,88.23529411764706,17,shutdown
94,4,24.087597320692993,41.63994923762723,3.812966159065032,False,100.0,100.0,3.10603012826994,90.0,20,shutdown
95,5,25.533920696679424,11.195325031518978,2.860391873069995,False,100.0,100.0,2.4240196065328763,94.11764705882352,17,shutdown
96,1,13.665580569175354,39.25137481186445,4.752416784012713,False,100.0,100.0,3.3181342362907333,88.0,25,shutdown
97,2,29.702523968724496,46.78274911198726,2.443830285803485,False,100.0,100.0,2.9359462630023185,100.0,18,shutdown
98,3,21.293841187031724,17.92313262030987,0.807429873160148,False,100.0,100.0,2.5392097146711583,88.88888888888889,18,shutdown
99,4,23.018746788313415,49.851465830370756,4.041631795837214,False,100.0,100.0,3.1505825886302867,90.47619047619048,21,shutdown
100,5,25.862121352172757,14.156299210929115,2.6176249077805105,False,100.0,100.0,2.434775456602189,94.44444444444444,18,shutdown
2,2,9.286075294770413,6.367897176722588,1.7818656758326583,True,9.286075294770413,6.367897176722588,1.7818656758326583,0.0,1,Active
1,4,25.604601582536024,23.29368839730408,2.430120334555353,True,25.604601582536024,23.29368839730408,2.430120334555353,0.0,1,Active
3,3,6.485286862416993,34.99458165092244,2.5634465807277285,True,6.485286862416993,34.99458165092244,2.5634465807277285,0.0,1,Active
4,1,12.254601015550673,22.917005737684267,4.663079953707365,True,12.254601015550673,22.917005737684267,4.663079953707365,0.0,1,Active
7,3,26.133961567946354,52.24410949609162,1.0929144542838316,False,32.61924843036335,87.23869114701407,1.8281805175057801,50.0,2,Active
5,1,17.083965097322594,8.60294179066511,2.5678325794911028,True,29.338566112873266,31.519947528349377,3.6154562665992342,0.0,2,Active
6,4,24.230822131211678,37.9439252919269,2.8082791890626817,True,39.8354237137477,51.23761368923098,2.6191997618090173,0.0,2,Active
8,5,36.40123762771326,40.52006145841651,1.801207429338067,True,36.40123762771326,40.52006145841651,1.801207429338067,0.0,1,Active
9,4,33.920676060888226,9.209988976048113,2.34531603841625,False,73.75609977463593,60.44760266527909,2.5279051873447616,33.33333333333333,3,Active
10,2,20.372964645912838,18.714539011577116,3.551024011342851,True,20.372964645912838,18.714539011577116,2.6664448435877546,0.0,2,Active
11,1,7.431598214047459,32.30060776685149,2.744865025485865,True,16.770164326920725,43.82055529520087,3.325259186228111,0.0,3,Active
12,2,14.431794624976966,14.548749124006134,0.7256789424525221,True,34.804759270889804,33.26328813558325,2.019522876542677,0.0,3,Active
13,1,6.100211014333614,6.560662453943912,1.481551880296914,True,22.870375341254338,50.38121774914478,2.864332359745312,0.0,4,Active
14,4,30.789546080460564,9.592777146472464,3.332181352358686,False,84.5456458550965,50.040379811751556,2.7289742285982426,50.0,4,Active
15,5,8.857833873042544,44.53885538530718,3.377837568067659,False,35.2590715007558,75.0589168437237,2.589522498702863,50.0,2,Active
16,4,13.09496370772524,33.04118783284943,2.585347680797371,False,97.64060956282174,83.081567644601,2.700248919038068,60.0,5,shutdown
17,3,14.397167625719732,46.066847679823375,4.009581401912743,False,27.01641605608308,100.0,2.5553141456414346,66.66666666666666,3,shutdown
18,1,16.958897927638755,12.18568123417973,1.939396079600143,True,19.829273268893093,42.56689898332451,2.6793451037162783,0.0,5,Active
19,1,21.099456658699438,27.72872672752794,3.666260985957825,True,40.92872992759253,70.29562571085245,2.8438310840898695,0.0,6,Active
20,1,33.5410537780685,12.34928425341213,1.7894707574006454,False,74.46978370566103,82.64490996426457,2.6932081802771237,14.285714285714285,7,Active
21,2,29.21244231806229,42.87387491560706,0.700851255037248,True,44.01720158895209,56.13716305119031,1.6898549711663198,0.0,4,Active
22,5,32.83702272162968,33.7608088569353,0.9841225158531055,False,58.09609422238548,98.81972570065899,2.054389171086277,66.66666666666666,3,shutdown
23,5,14.464494191220533,6.840731700356884,4.727166719566133,False,72.56058841360601,100.0,2.7225835582062414,75.0,4,shutdown
24,1,27.194308526092467,51.829643953899435,0.5246551853151469,False,81.6640922317535,100.0,2.4221390559068765,25.0,8,shutdown
25,5,39.21971235651035,54.480251105872156,3.813302969469303,False,100.0,100.0,2.9407274404588537,80.0,5,shutdown
26,5,24.75341461136117,41.32471448226012,2.366990207477725,False,100.0,100.0,2.845104568295332,83.33333333333334,6,shutdown
27,3,31.31731254235414,35.86584205052888,2.5160255805591145,False,48.33372859843722,100.0,2.545492004370854,75.0,4,shutdown
28,5,22.536503698794064,6.563880783724326,3.7470866835640195,False,100.0,86.56388078372433,2.973959156190859,85.71428571428571,7,shutdown
29,1,39.83709900810153,8.762781109257768,4.77721759153827,False,100.0,88.76278110925777,2.6838144487548092,33.33333333333333,9,shutdown
30,4,19.81845148043465,48.512150345789166,4.447246850878198,False,97.45906104325638,100.0,2.9914152410114228,66.66666666666666,6,shutdown
34,2,31.533726846865562,20.41239125019705,2.274182732201939,True,65.55092843581765,66.54955430138736,1.8067205233734434,0.0,5,Active
35,2,17.99668109147746,29.707948984834534,4.766565150403608,False,83.54760952729511,96.25750328622189,2.300027961211804,16.666666666666664,6,shutdown
32,2,31.98275155817645,53.70920078063671,4.062768880978142,False,100.0,100.0,2.5518480926069955,28.57142857142857,7,shutdown
36,1,36.49988512086571,7.640372025805887,2.33606784917253,False,100.0,86.40315313506366,2.649039788796581,40.0,10,shutdown
31,2,12.87687975976249,7.73934055492936,3.5106698962682468,False,100.0,100.0,2.909203856425173,44.44444444444444,9,shutdown
33,2,22.998611934701753,45.1433626865248,4.809228163309344,False,100.0,100.0,2.834020601444789,37.5,8,shutdown
37,2,35.96540533585224,32.73372883105351,0.9644204088018383,False,100.0,100.0,2.7147255116628397,50.0,10,shutdown
38,3,38.07822307909898,26.97451168942178,4.839007311037099,False,76.4119516775362,100.0,3.004195065704103,80.0,5,shutdown
39,4,29.46807396723811,24.83118893044568,4.366379065169763,False,100.0,100.0,3.1878386444626146,71.42857142857143,7,shutdown
40,5,12.75918112304878,24.505409091672732,0.8938180163246146,False,82.75918112304878,81.06928987539706,2.713941513707579,87.5,8,shutdown
41,1,13.629247471126115,30.615670692022668,3.1466820945022027,False,100.0,100.0,2.6942799984061834,45.45454545454545,11,shutdown
42,2,20.445000374763787,44.85725391463672,4.3067305554842665,False,80.4450003747638,100.0,2.8594532429193333,54.54545454545454,11,shutdown
43,3,24.431256125274807,18.10841647122767,2.5478626999206013,False,90.84320780281101,100.0,2.928139671406853,83.33333333333334,6,shutdown
44,4,32.98853645317076,6.825804969343636,2.7486001365143706,False,100.0,96.82580496934364,3.1329338309690837,75.0,8,shutdown
45,5,30.322351756156465,12.452634596840575,4.954645566121012,False,100.0,83.52192447223763,2.9629086306424046,88.88888888888889,9,shutdown
46,1,22.81617169910125,5.072656170279927,0.5780930429384142,False,100.0,95.07265617027993,2.517931085450536,50.0,12,shutdown
47,2,16.35197723538934,50.34570900471896,3.064869040110139,False,86.79697761015314,100.0,2.876571226018567,58.333333333333336,12,shutdown
48,3,5.31201484213401,35.99071409564672,2.9964479211732535,False,86.15522264494501,100.0,2.937897992802053,85.71428571428571,7,shutdown
49,4,12.460189157070424,9.870405298734209,2.2096270441386956,False,100.0,96.69621026807785,3.0303441879879296,77.77777777777779,9,shutdown
50,5,15.224776548165382,47.13369539420236,1.5375177449347823,False,100.0,100.0,2.8203695420716426,90.0,10,shutdown
51,1,16.606858293909752,47.70833590459897,0.9763771795931373,False,100.0,100.0,2.399350015769197,53.84615384615385,13,shutdown
52,2,27.905550617645332,23.548254004407728,1.8398116916154112,False,100.0,100.0,2.7968204926029396,61.53846153846154,13,shutdown
53,3,9.70673148885713,47.03216410106634,3.244672527265796,False,85.86195413380214,100.0,2.9762448096100207,87.5,8,shutdown
54,4,35.1444685526816,53.333148845570506,3.1860058839398375,False,100.0,100.0,3.0459103575831206,80.0,10,shutdown
55,5,35.475648420409044,11.772082995818423,1.4770179676334596,False,100.0,100.0,2.6982466716681714,90.9090909090909,11,shutdown
56,1,22.936200828116622,45.99262215039035,3.369963400019392,False,100.0,100.0,2.46867954321564,57.14285714285714,14,shutdown
57,2,20.4979110093021,7.777361286910207,4.860436327348866,False,100.0,97.7773612869102,2.9442216236562198,64.28571428571429,14,shutdown
58,3,38.43036572257477,30.16548910324421,3.511660596418529,False,100.0,100.0,3.035735452588744,88.88888888888889,9,shutdown
59,4,11.58246916192278,21.649297081063185,4.245730316008641,False,100.0,100.0,3.1549848992581677,81.81818181818183,11,shutdown
60,5,32.923722560528944,21.55385329791899,4.718355831701974,False,100.0,100.0,2.866589101670988,91.66666666666666,12,shutdown
61,1,22.35358891010209,22.329376425446508,0.8493401217613454,False,100.0,100.0,2.3607235817853534,60.0,15,shutdown
62,2,23.49424259125304,17.247485322867814,0.9457777231642018,False,100.0,100.0,2.8109920302900853,66.66666666666666,15,shutdown
63,3,29.45504751075378,19.43306901002854,3.4271264851253607,False,100.0,100.0,3.0748745558424053,90.0,10,shutdown
64,4,11.918904045364128,18.529775348015576,4.185625020274248,False,100.0,100.0,3.2408715760095084,83.33333333333334,12,shutdown
65,5,6.952704469834929,14.099060759264505,4.377618647614403,False,96.95270446983493,100.0,2.9828221436666356,92.3076923076923,13,shutdown
66,1,21.94802024804604,49.46679368566278,1.3829908860296414,False,100.0,100.0,2.2996152883006213,62.5,16,shutdown
67,2,26.923629035552686,13.413314585187326,3.9860310480475074,False,100.0,100.0,2.884431968899924,68.75,16,shutdown
68,3,8.089996167069387,47.80263090266202,1.3975565081725096,False,98.08999616706939,100.0,2.9223910969633238,90.9090909090909,11,shutdown
69,4,35.01240839267673,44.32587066375444,1.6242210101934653,False,100.0,100.0,3.1165138401775048,84.61538461538461,13,shutdown
70,5,15.889715226602092,8.060442909129641,4.206107782641679,False,100.0,98.06044290912965,3.07019968930771,92.85714285714286,14,shutdown
71,1,12.660958424142052,21.840659240594313,4.745586134027716,False,100.0,100.0,2.443495926284568,64.70588235294117,17,shutdown
72,2,31.30946005715647,36.0534390394534,3.2159579874832174,False,100.0,100.0,2.9039334994048236,70.58823529411765,17,shutdown
73,3,7.7486779656285325,33.197436202298626,1.425009832039375,False,95.83867413269792,100.0,2.7976093248863276,91.66666666666666,12,shutdown
74,4,13.459681416820613,21.33484678141584,1.141373640557714,False,100.0,100.0,2.9754323973475203,85.71428571428571,14,shutdown
75,5,37.65645241334055,19.461674503241674,2.7002266479798003,False,100.0,100.0,3.0455348198858494,93.33333333333333,15,shutdown
76,1,23.753666731918504,25.11504422512744,3.169499391153523,False,100.0,100.0,2.483829452110621,66.66666666666666,18,shutdown
77,2,36.231314339613306,51.04480211056894,3.5364843668564276,False,100.0,100.0,2.939075214263246,72.22222222222221,18,shutdown
78,3,15.286565218147611,24.32437574146092,2.0793758127743986,False,100.0,100.0,2.7423605931854103,92.3076923076923,13,shutdown
79,4,16.22107386351776,42.083368047323695,2.241549602874622,False,100.0,100.0,2.9265068777159935,86.66666666666667,15,shutdown
80,5,28.400365500135802,12.778988416868,4.136872917936721,False,100.0,100.0,3.1137434510140287,93.75,16,shutdown
81,1,31.462706310349297,29.109165248988084,4.664807264453371,False,100.0,100.0,2.598617758023398,68.42105263157895,19,shutdown
82,2,35.30252178907415,14.434320809916908,4.203176834253594,False,100.0,100.0,3.0056068784732646,73.68421052631578,19,shutdown
83,3,15.429253163828783,27.651893425338415,3.8272153953289063,False,100.0,100.0,2.8198502219099457,92.85714285714286,14,shutdown
84,4,38.196286634683794,18.497930743310285,2.8262894254179343,False,100.0,100.0,2.9202432869473647,87.5,16,shutdown
85,5,35.992899579903884,30.1694861219948,4.682790457256881,False,100.0,100.0,3.2060403337341965,94.11764705882352,17,shutdown
86,1,7.8459866499675375,53.48844552070343,3.312885694845125,False,97.84598664996754,100.0,2.6343311548644843,70.0,20,shutdown
87,2,39.06611058044965,42.35835385709059,1.5998802932182445,False,100.0,100.0,2.9353205492105134,75.0,20,shutdown
88,3,14.168224663791728,26.40943137651183,1.8821129137147692,False,100.0,100.0,2.7573344013636008,93.33333333333333,15,shutdown
89,4,27.727534914531795,36.27698938661139,1.5282465273756456,False,100.0,100.0,2.8383611246196163,88.23529411764706,17,shutdown
90,5,26.259508367992616,50.00431412290984,2.213006263106901,False,100.0,100.0,3.150871774254902,94.44444444444444,18,shutdown
91,1,29.11090499328304,51.44291137955294,4.252810018425576,False,100.0,100.0,2.711401576938822,71.42857142857143,21,shutdown
92,2,26.17176704081892,28.247923548648775,3.7470891933926276,False,100.0,100.0,2.973976198933471,76.19047619047619,21,shutdown
93,3,39.47166872603922,24.49657300430853,1.9562396171915453,False,100.0,100.0,2.707265977352847,93.75,16,shutdown
94,4,6.5651203123844315,30.731989187786432,0.9364032720663396,False,96.56512031238444,100.0,2.732696799477768,88.88888888888889,18,shutdown
95,5,24.712596513489217,24.56884336940179,0.5796612206594063,False,100.0,100.0,3.0155449030130335,94.73684210526315,19,shutdown
96,1,28.745876956423473,51.161398073177565,4.171516862841531,False,100.0,100.0,2.777770453570763,72.72727272727273,22,shutdown
97,2,38.34343203814025,16.873206965725245,3.0183415941782394,False,100.0,100.0,2.975992807808233,77.27272727272727,22,shutdown
99,4,15.25989978263312,32.19630938513922,0.6409059262602659,False,100.0,100.0,2.6226025429926363,89.47368421052632,19,shutdown
98,3,12.089545878101058,17.496849352639572,1.5552717298698087,False,100.0,100.0,2.639501609853845,94.11764705882352,17,shutdown
100,5,32.52723861368108,38.92070830052208,2.8594423260740363,False,100.0,100.0,3.007739774166084,95.0,20,shutdown
1,4,18.87435333211759,39.69843968839232,4.34873462407901,True,18.87435333211759,39.69843968839232,4.34873462407901,0.0,1,Active
2,2,23.565434425425853,22.627157120227576,1.4581120897506494,True,23.565434425425853,22.627157120227576,1.4581120897506494,0.0,1,Active
3,3,35.91036006822915,37.24711897968769,2.0608513090386276,True,35.91036006822915,37.24711897968769,2.0608513090386276,0.0,1,Active
4,1,19.907626559271478,38.71655054531056,2.8979689862818256,True,19.907626559271478,38.71655054531056,2.8979689862818256,0.0,1,Active
5,2,27.08809591694419,42.26700937843645,1.8345860398482001,False,50.65353034237005,64.89416649866402,1.6463490647994248,50.0,2,Active
6,1,34.729151991773776,31.309817083573687,4.657504595227633,False,54.63677855104525,70.02636762888424,3.7777367907547292,50.0,2,Active
7,4,32.82548461973016,43.624380450055426,1.4507889535093093,False,41.699837951847755,73.32282013844775,2.8997617887941596,50.0,2,Active
8,4,16.847361478756305,16.959554898717293,4.759423913578166,False,58.54719943060406,90.28237503716505,3.519649163722162,66.66666666666666,3,shutdown
9,5,36.73865657555818,14.41775320756635,2.6012926745874383,True,36.73865657555818,14.41775320756635,2.6012926745874383,0.0,1,Active
10,1,12.322569833026424,17.643081741154347,1.0942593104761966,True,56.959348384071674,77.66944937003859,2.883244297328552,50.0,3,Active
11,5,5.599208943461578,48.333584266496565,3.7866692284036487,False,42.33786551901976,62.751337474062915,3.1939809514955435,50.0,2,Active
12,5,25.441395627731165,34.81827085117199,1.736363166956135,False,67.77926114675093,97.5696083252349,2.708108356649074,66.66666666666666,3,shutdown
13,5,19.131599326635786,44.29618862049828,1.647605237993782,False,86.91086047338672,100.0,2.442982576985251,75.0,4,shutdown
14,3,37.88092503584705,27.355137475071167,2.2095358381331702,False,63.7912851040762,54.60225645475886,2.135193573585899,50.0,2,Active
15,5,11.560421475731818,24.426355261508316,2.8423656213245456,False,88.47128194911853,100.0,2.5228591858531098,80.0,5,shutdown
16,5,14.52123638377341,31.966732939658407,3.14424993424506,False,92.99251833289195,100.0,2.6264243105851013,83.33333333333334,6,shutdown
17,4,22.218209435113504,42.19985100497112,3.693730637445973,False,60.76540886571756,100.0,3.5631695321531147,75.0,4,shutdown
18,4,28.60824806203425,30.981416402603337,1.7803782985070307,False,89.37365692775181,100.0,3.206611285423898,80.0,5,shutdown
19,5,36.22570115756285,54.20148647316542,3.493382559881989,False,100.0,100.0,2.7502754890560857,85.71428571428571,7,shutdown
20,5,27.315519958227796,12.71880468044931,3.417322517726935,False,100.0,100.0,2.8336563676399416,87.5,8,shutdown
21,2,27.47314797236157,54.7582984178863,1.5395025695715958,False,58.12667831473162,99.65246491655031,1.6107335663901485,66.66666666666666,3,shutdown
22,5,16.193740777841,6.626335792969524,4.146798160146806,False,100.0,96.62633579296953,2.9795610112518154,88.88888888888889,9,shutdown
23,3,25.92863949758651,49.28835597730792,2.279784219837987,False,79.71992460166271,93.89061243206677,2.183390455669928,66.66666666666666,3,shutdown
24,4,25.59102367412827,24.865820018630902,0.6411667337403364,False,94.96468060188008,100.0,2.779037193476638,83.33333333333334,6,shutdown
25,1,24.245380900461697,12.581244419989176,2.1397780811539153,True,61.20472928453337,70.25069379002777,2.6973777432848927,50.0,4,Active
26,3,24.544655884062696,15.711798229958076,2.332161837095229,False,100.0,100.0,2.2205833010262532,75.0,4,shutdown
27,2,35.18291914274481,17.69968455513804,4.2921721301983675,False,83.30959745747643,100.0,2.281093207342203,75.0,4,shutdown
28,2,25.911545019057748,11.274637505030672,0.5184703150357656,False,100.0,100.0,1.9285686288809156,80.0,5,shutdown
29,5,21.551709006679566,10.193408474074696,4.601838021816447,False,91.55170900667957,76.81974426704423,3.1417887123082786,90.0,10,shutdown
30,4,26.963722361714254,42.56688550033871,0.9395094649800309,False,100.0,100.0,2.516247517977123,85.71428571428571,7,shutdown
35,1,37.49056606435343,36.4732604127727,2.4771229698789905,False,88.6952953488868,96.72395420280047,2.6533267886037124,40.0,5,shutdown
34,1,15.235041982427948,7.768691551780927,3.680299581219846,False,100.0,100.0,2.824488920706401,50.0,6,shutdown
36,1,7.591174861516428,29.402276658279792,3.5280720367558946,False,97.59117486151642,100.0,2.925000794427757,57.14285714285714,7,shutdown
32,1,34.701090591494435,50.72821364876663,4.128650049575134,False,100.0,100.0,3.075456951321179,62.5,8,shutdown
33,1,30.900666449330238,24.30210436382439,3.5918667127429544,False,100.0,100.0,3.1328358137013765,66.66666666666666,9,shutdown
37,2,7.565955641274472,52.49324887589925,1.4631170818037504,False,87.56595564127447,100.0,1.8509933710347213,83.33333333333334,6,shutdown
38,3,39.74144032769133,7.696607657571187,2.9608985608688854,False,100.0,87.69660765757119,2.3686463529947797,80.0,5,shutdown
31,1,26.113785052202317,23.92323100496416,1.0403557829760697,False,100.0,100.0,2.923587810628846,70.0,10,shutdown
39,4,24.52088010510876,23.32214299403804,3.190926777114799,False,100.0,100.0,2.6005824253693324,87.5,8,shutdown
40,5,14.59350233887523,10.275687633909971,1.5387371819694955,False,96.1452113455548,77.0954319009542,2.9960567550047528,90.9090909090909,11,shutdown
41,1,25.33560500885085,39.80195899446881,3.3691833533559024,False,100.0,100.0,2.9640964963313055,72.72727272727273,11,shutdown
42,2,7.2423879652814716,52.96319658021046,4.126393770573589,False,84.80834360655594,100.0,2.176050570968845,85.71428571428571,7,shutdown
43,3,9.825908144619795,26.205910934004557,1.099244936331949,False,99.8259081446198,100.0,2.1570794502176414,83.33333333333334,6,shutdown
44,4,28.964333162884866,50.36844689751411,4.561723698004904,False,100.0,100.0,2.818487011217729,88.88888888888889,9,shutdown
45,5,23.081819591476336,15.193024687978486,3.043027776166607,False,100.0,82.28845658893269,2.99997100676824,91.66666666666666,12,shutdown
46,1,25.921016365792738,51.42101275473449,4.377140356793053,False,100.0,100.0,3.081850151369784,75.0,12,shutdown
47,2,17.04288205295349,41.83691094156868,2.9735462382104263,False,91.85122565950942,100.0,2.2757375293740427,87.5,8,shutdown
48,3,12.230413461455013,8.087373697392266,3.9390219297614086,False,100.0,98.08737369739227,2.4116426615810367,85.71428571428571,7,shutdown
49,4,14.690599954918387,36.822541587253724,3.958310126287439,False,100.0,100.0,2.9324693227247005,90.0,10,shutdown
50,5,5.374175574668046,5.982140994571651,3.6281146331544245,False,95.37417557466804,78.27059758350434,3.0482897472594854,92.3076923076923,13,shutdown
51,1,28.020020183745885,54.42578813668847,0.6599013101182413,False,100.0,100.0,2.895546394350435,76.92307692307693,13,shutdown
52,2,32.09576708592616,28.580411574318255,3.7846896188352783,False,100.0,100.0,2.4433988726475135,88.88888888888889,9,shutdown
53,3,20.16430821059668,10.61674600958056,2.7810141033189724,False,100.0,98.70411970697282,2.4578140917982787,87.5,8,shutdown
54,4,18.00085945680282,26.447742734497293,2.0773366530964315,False,100.0,100.0,2.8547299891221303,90.9090909090909,11,shutdown
55,5,5.418598564330593,32.07127662083714,3.730885122640913,False,90.79277413899864,100.0,3.09704655978673,92.85714285714286,14,shutdown
56,1,26.20216972547174,42.34913295560634,2.4812070359871896,False,100.0,100.0,2.8659507258959174,78.57142857142857,14,shutdown
57,2,20.383345721178543,51.22199257368935,2.154470398334378,False,100.0,100.0,2.4145060252162,90.0,10,shutdown
58,3,39.9670960672179,41.31994189269426,0.5146139119658986,False,100.0,100.0,2.241902960705792,88.88888888888889,9,shutdown
59,4,26.24528631959133,38.82827657230356,4.158009514766843,False,100.0,100.0,2.96333661625919,91.66666666666666,12,shutdown
60,5,7.956210314019861,22.25177194590656,0.8465808479517327,False,88.7489844530185,100.0,2.9470155123310637,93.33333333333333,15,shutdown
61,1,32.75143543253344,12.248193677934712,1.0779822753703112,False,100.0,100.0,2.74675282919421,80.0,15,shutdown
62,2,35.94545374785618,26.343440806921382,3.4808280251332455,False,100.0,100.0,2.5114443888450224,90.9090909090909,11,shutdown
63,3,11.402188985956101,51.37097700591998,2.9760391248247005,False,100.0,100.0,2.315316577117683,90.0,10,shutdown
64,4,19.025476680708294,44.82215938127879,1.5137378269167636,False,100.0,100.0,2.8518290170790035,92.3076923076923,13,shutdown
65,5,27.251400792539318,37.571692421214635,3.470531428701961,False,100.0,100.0,2.979735257104245,93.75,16,shutdown
66,1,30.335865618605904,28.908682758313503,0.813816074221315,False,100.0,100.0,2.6259442820084042,81.25,16,shutdown
67,2,13.409681425643624,9.115549751521446,0.7004080186572561,False,100.0,99.11554975152144,2.3605246913293754,91.66666666666666,12,shutdown
68,3,22.99507821026578,54.64254834361629,4.017393891992043,False,100.0,100.0,2.470050878469898,90.9090909090909,11,shutdown
69,4,9.77294711807288,13.168726367910233,3.222166813563617,False,99.77294711807288,100.0,2.8782817168279045,92.85714285714286,14,shutdown
70,5,17.967252338273447,36.67469081851878,4.143304550561859,False,100.0,100.0,3.048180509660575,94.11764705882352,17,shutdown
71,1,22.091489781379412,45.43116642294848,3.6941380632972254,False,100.0,100.0,2.6887792103195114,82.35294117647058,17,shutdown
72,2,10.506415950266609,49.28045633423751,2.441629125255835,False,100.0,100.0,2.366763493939103,92.3076923076923,13,shutdown
73,3,15.383329263042718,52.11357959814905,3.475540489415927,False,100.0,100.0,2.553841679382067,91.66666666666666,12,shutdown
74,4,19.617877997016887,39.52964575666037,4.942935271800913,False,100.0,100.0,3.0159252871594386,93.33333333333333,15,shutdown
75,5,9.919346669900055,15.036128345397172,4.160434881242499,False,99.91934666990005,100.0,3.1099724191929043,94.44444444444444,18,shutdown
76,1,7.057333098399365,14.830799802747642,1.4176457719014597,False,97.05733309839937,100.0,2.618160685962953,83.33333333333334,18,shutdown
77,2,22.350533249422163,47.816483362816925,1.1995783831669953,False,100.0,100.0,2.283393128883952,92.85714285714286,14,shutdown
78,3,5.212776287399381,52.993475618650564,4.750737494634846,False,95.21277628739938,100.0,2.722833665170742,92.3076923076923,13,shutdown
79,4,16.4859528435832,35.076303471199054,1.312069534266696,False,100.0,100.0,2.909434302603642,93.75,16,shutdown
80,5,21.579885773974052,28.144921290675757,2.955496049620271,False,100.0,100.0,3.1018420839522394,94.73684210526315,19,shutdown
81,1,28.025617059116005,30.051343927153862,3.6933519883775885,False,100.0,100.0,2.6747497018795126,84.21052631578947,19,shutdown
82,2,33.880861568794685,35.14339799681093,2.3436875249021623,False,100.0,100.0,2.2874127552851666,93.33333333333333,15,shutdown
83,3,31.65171776184158,42.392447908881536,3.3803805147729404,False,100.0,100.0,2.7698012972851846,92.85714285714286,14,shutdown
84,4,19.070526669442952,27.407974114683576,1.5059185327188622,False,100.0,100.0,2.8268745514339493,94.11764705882352,17,shutdown
85,5,21.467692431164714,16.512121652070274,1.2257356558605381,False,100.0,100.0,3.0080367625476545,95.0,20,shutdown
86,1,27.99451122136537,23.100506367703197,1.7032939791565131,False,100.0,100.0,2.6261769157433625,85.0,20,shutdown
87,2,25.792178283959675,54.562114883472226,2.529629375086734,False,100.0,100.0,2.3025512940227646,93.75,16,shutdown
88,3,17.235398354982415,12.534368909595335,4.7249293710976765,False,100.0,100.0,2.900143168872684,93.33333333333333,15,shutdown
89,4,31.24618880903968,19.978291671194615,1.590874422616731,False,100.0,100.0,2.7582078776107704,94.44444444444444,18,shutdown
90,5,32.64885634092097,32.89091911973233,3.1368955891409587,False,100.0,100.0,3.0141728971473354,95.23809523809523,21,shutdown
91,1,8.650068930504652,23.61476659185949,3.6666366468745872,False,98.65006893050466,100.0,2.675722617225802,85.71428571428571,21,shutdown
92,2,27.80926999165421,22.19119333790054,3.21832924220139,False,100.0,100.0,2.3564205850920956,94.11764705882352,17,shutdown
93,3,21.02578860052987,24.54299402229564,1.1820790510203616,False,100.0,100.0,2.792764161506914,93.75,16,shutdown
94,4,33.43475056266541,50.6561365657438,4.701510918066344,False,100.0,100.0,2.8604869850031687,94.73684210526315,19,shutdown
95,5,39.018031627452544,53.79563709206254,3.6696427785496013,False,100.0,100.0,3.04396698266562,95.45454545454545,22,shutdown
96,1,5.625932542595212,18.27658652648592,4.23368819185535,False,94.27600147309987,100.0,2.7465392342544175,86.36363636363636,22,shutdown
97,2,18.061155013301637,7.761668421342122,3.3543904625239866,False,100.0,97.76166842134212,2.4118633560605343,94.44444444444444,18,shutdown
98,3,17.026470064638403,11.467978685375492,1.5913391094737337,False,100.0,100.0,2.7220920996226097,94.11764705882352,17,shutdown
99,4,33.035018882930686,5.9726946484149455,1.3636840291617829,False,100.0,95.97269464841494,2.7856468372110994,95.0,20,shutdown
100,5,20.734656954436566,50.41803299928962,1.299801235663383,False,100.0,100.0,2.9681336893176966,95.65217391304348,23,shutdown
